Description,Category,Type,Amount,Balance
Office Supplies Purchase,Office Supplies,Expense,-250.00,850.00
Client Payment Received,Sales,Income,500.00,1350.00
Internet Bill,Utilities,Expense,-60.00,1290.00
Freelance Services,Services,Income,300.00,1590.00
Rent Payment,Rent,Expense,-700.00,890.00
Software Subscription,Software,Expense,-100.00,790.00
Bundesagentur für Arbeit (SGB II 30.09.2026),Government Benefit,Income,681.57,1471.57
Hermes Germany Retoure (53257132402201 14.09.2026),Shipping & Returns,Expense,0.00,1471.57
DHL Retoure Unverpackt - Amazon (81036503 09.09.2026),Shipping & Returns,Expense,0.00,1471.57
MARKDEF1760 Überweisung (16.09.2026),Bank Transfer,Expense,-400.93,1070.64
